{"features": ["MedInc", "HouseAge", "AveRooms", "AveBedrms", "Population", "AveOccup", "Latitude", "Longitude", "MedHouseVal"], "co-efficients": [0.053510329108821135, 0.03951910959141217, -0.14719573737011887, 0.10355947497506296, 0.01199092469045229, -0.005731265148786249, 0.4365958380389242, 0.4316763685598929, 1.0571808881669014], "intercept": -0.01894495168776761, "mse": 0.047974086916625976, "rmse": 0.21902987676713415, "features_mean": [3.8706710029069766, 28.639486434108527, 5.428999742190376, 1.096675149606208, 1425.4767441860465, 3.0706551594363742, 35.63186143410853, -119.56970445736432, 2.068558169089147], "features_std": [1.8998217179452688, 12.58555761211165, 2.4741731394243187, 0.473910856795466, 1132.462121765341, 10.386049562213618, 2.1359523974571153, 2.0035317235025882, 1.1539561587441387], "price_mean": 2.068558169089147, "price_std": 1.1539282040412253}