{"features": ["MedInc", "HouseAge", "AveRooms", "AveBedrms", "Population", "AveOccup", "Latitude", "Longitude", "MedHouseVal"], "co-efficients": [0.055293309095247226, 0.041055252520494065, -0.15198325117853248, 0.10671422955512012, 0.012426696061378226, -0.004785350917576844, 0.4530169664081954, 0.4478392851573347, 1.0592983901667565], "intercept": -0.019640365517980186, "mse": 0.08291237438078139, "rmse": 0.2879450891763591, "features_mean": [3.8706710029069766, 28.639486434108527, 5.428999742190376, 1.096675149606208, 1425.4767441860465, 3.0706551594363742, 35.63186143410853, -119.56970445736432, 2.068558169089147], "features_std": [1.8998217179452688, 12.58555761211165, 2.4741731394243187, 0.473910856795466, 1132.462121765341, 10.386049562213618, 2.1359523974571153, 2.0035317235025882, 1.1539561587441387], "price_mean": 2.068558169089147, "price_std": 1.1539282040412253}